title,author,url,kudos,comments,bookmarks,hits,tags,publication_date,word_count
The Ramyeon Project,Claire_ry,https://archiveofourown.org/works/62300431,218,100,7,3985,"No Archive Warnings Apply, Baek Hyunwoo/Hong Haein, Ri Jeong Hyeok/Yoon Se Ri, Baek Hyunwoo (Queen of Tears), Hong Haein, Kim Pilsook, Kim Yanggi, Choi Dal Po | Ki Ha Myung, Go Hyemi, Jin Guk | Hyun Shihyuk, Yoon Se Ri, Ri Jeong Hyeok, BaekHong - Freeform, Alternate Universe - College/University, Tooth-Rotting Fluff, Sequel",22-May-25,30248
Life in between,Anon1304,https://archiveofourown.org/works/63891229,302,94,5,6509,"Creator Chose Not To Use Archive Warnings, Baek Hyunwoo/Hong Haein, Hong Haein, Baek Hyunwoo (Queen of Tears), Baek Soobin, Family, Married Life, Slice of Life, Fluff, Angst, Fluff and Angst, Hurt/Comfort",22-May-25,109253
Still In Love...AND Not Done Yet,Liltash85,https://archiveofourown.org/works/65428525,96,57,3,1611,"Creator Chose Not To Use Archive Warnings, Baek Hyunwoo/Hong Haein, Baek Hyunwoo (Queen of Tears), Hong Haein, Baek Yoo Jin, baekhong - Character, BaekHong - Freeform, QoT, queenoftears, Kim Soo Hyun - Freeform, Kim Ji Won - Freeform, Alternate Universe, Marriage, Married Life, Married Couple, husband and wife, Family, Korean Characters",20-May-25,34572
The King's Gambit,Claire_ry,https://archiveofourown.org/works/57299950,589,268,11,9522,"Creator Chose Not To Use Archive Warnings, Baek Hyunwoo/Hong Haein, Baek Hyunwoo (Queen of Tears), Hong Haein, Hae Soo | Go Hajin (Moon Lovers: Scarlet Heart Ryeo), Angst, Adult Content, sageuk, Alternate Universe - Historical, Drama & Romance, Betrayal, Resentment, Trust, loosely based on real events",16-May-25,88727
King of Clovers,Claire_ry,https://archiveofourown.org/works/56019304,2088,1043,84,70230,"No Archive Warnings Apply, Baek Hyun Woo/Hong Hae In, Baek Hyun Woo, Hong Hae In, Angst, Drama & Romance, Angst and Drama, Love, Fluff, Adult Content, Emotional Roller Coaster, Cancer, BaekHong - Freeform, Healing, Alternate Universe - Canon Divergence",10-May-25,339266
Everlong- Forever Yours,kdrama_chingu001,https://archiveofourown.org/works/62248397,8,11,0,577,"Creator Chose Not To Use Archive Warnings, Graphic Depictions Of Violence, Major Character Death, Chase Stein and Kara Winchester, Kara Winchester, Chase Stein, Baek Hyunwoo (Queen of Tears), Hong Haein, fated love, 3am thoughts, Idiots in Love, Tearjerker, Longing, Admiration, Hope, Heartbreak, Time Travel, Red String of Fate, She thought she fell first but actually He fell first and harder, High School, Miscarriage, Marriage, Divorce, Therapy, Depression, Eventual Happy Ending, man in love, Small age gap",10-May-25,3638
A Love Reborn,Liltash85,https://archiveofourown.org/works/61535533,351,60,7,7282,"Creator Chose Not To Use Archive Warnings, Baek Hyunwoo & Hong Haein, Baek Hyunwoo (Queen of Tears), Hong Haein, Jeon Bongae, Baek Miseon, Baek Dugwan, kang hyeon Seok, Queen of Tears - Freeform, Sequel, Marriage, Anticipation, relationship, kim soo hyun (b.1988), Kim Ji Won - Freeform, SooWon - Freeform, BaekHong - Freeform",08-May-25,38631
Twisted,Trivalys,https://archiveofourown.org/works/65279185,12,1,1,141,"Creator Chose Not To Use Archive Warnings, Baek Hyunwoo/Yoon Eunsung (Queen of Tears), Baek Hyunwoo (Queen of Tears), Yoon Eunsung (Queen of Tears), Hong Haein, Moh Seulhee, Obsession, Dom/sub, Faked Suicide, Threats of Violence, Codependency",06-May-25,10424
What Remains of Us,Andrew2032,https://archiveofourown.org/works/64062112,8,3,2,252,"No Archive Warnings Apply, Baek Hyunwoo/Hong Soocheol, Baek Hyunwoo/Hong Soocheol (Queen of Tears), Baek Hyunwoo (Queen of Tears), Hong Soocheol, Hong Soocheol (Queen of Tears), Baek Hyunwoo, Queen of Tears - Freeform, Bisexuality, Making Love, First Time, Gay Male Character, Gay Sex, Top Baek Hyunwoo, Mutual Pining, Feelings Realization, First Kiss, Bottom Hong Soocheol, Cross-Posted on Wattpad",06-May-25,6075
The Way I Loved You,hitbyasweetpotato,https://archiveofourown.org/works/59680915,898,199,28,24237,"Creator Chose Not To Use Archive Warnings, Baek Hyun Woo/Hong Hae In, Baek Hyun Woo, Hong Hae In, Fluff and Angst, Retelling, Drama & Romance, Heartbreak",01-May-25,159795
In A Beautiful Way,hitbyasweetpotato,https://archiveofourown.org/works/59686204,355,110,13,11283,"Creator Chose Not To Use Archive Warnings, Baek Hyun Woo/Hong Hae In, Ri Jeong Hyeok/Yoon Se Ri, Choi Seung Hyo/ Bae Seok Ryu, Hong Hae In, Baek Hyun Woo, Ri Jeong Hyeok, Yoon Se Ri, Choi Seung Hyo, Bae Seok Ryu, Queen of Tears - Freeform, The Heirs - Freeform, love next door - Freeform, Puppy Love, Alternate Universe - High School, Fluff, Crossover",28-Apr-25,123751
funeral pyre of the wicked,thewhimsydesi,https://archiveofourown.org/works/64851562,4,3,0,96,"Creator Chose Not To Use Archive Warnings, Cheon Dahye/Hong Soocheol, Hong Soocheol, Cheon Dahye, Emotional Hurt/Comfort, Fluff",20-Apr-25,968
malikmata,Anonymous,https://archiveofourown.org/works/64562548,11,0,0,483,"Major Character Death, Baek Hyunwoo/Hong Haein, Baek Hyunwoo (Queen of Tears), Hong Haein, Light Angst, Inspired by Music, Multo by Cup of Joe",09-Apr-25,780
Stalemate,Trivalys,https://archiveofourown.org/works/63937018,6,1,2,411,"Graphic Depictions Of Violence, Baek Hyunwoo & Yoon Eunsung (Queen of Tears), Baek Hyunwoo/Hong Haein, Hong Haein & Yoon Eunsung, Yoon Eunsung & Chae Jungman (The kidnapping day), Moh Seulhee, Yoon Eunsung (Queen of Tears), Chae Jung Man (The kidnapping day), Baek Hyunwoo (Queen of Tears), Hong Haein, Kim Myung Joon (The kidnapping day), Choi Rohee (The kidnapping day), Alternate Universe - Soulmates, Family Drama, Family Reunions, Yoon Eun Seong is almost normal, He can smile, Moh Seul Hee is a bad mother and manipulative, Crime, Investigations, Manipulation, Threats, Corruption, Angst, Misery, Fluff, Jealousy, Moral Dilemmas, Kidnapping, Attempted Murder, Murder, Funerals, Fighting, Tragedy, Bittersweet Ending, Moh Seul Hee gets what she deserves",02-Apr-25,54015
The Underestimated King & His Wrathful Queen,Envinyatar27,https://archiveofourown.org/works/55102969,2458,474,141,62980,"Creator Chose Not To Use Archive Warnings, Baek Hyun Woo/ Hong Hae In, Baek Hyun Woo, Hong Hae In, Canon Divergence, But you can definitely imagine something like this happening in canon as well, No Beta",26-Mar-25,58750
"if you don’t love me, then lie",Glowstar826,https://archiveofourown.org/works/55201915,1062,480,58,32394,"Creator Chose Not To Use Archive Warnings, Baek Hyun Woo/Hong Hae In, Cheon Da Hye/Hong Soo Cheol, Hong Hae In & Hong Soo Cheol, Baek Hyun Woo & Hong Soo Cheol, Cheon Da Hye & Hong Hae In, Baek Hyun Woo & Cheon Da Hye, Hong Hae In, Baek Hyun Woo, Hong Soo Cheol, Cheon Da Hye, Yoon Eun Sung, Jeon Bong Ae, Hong Beom Jun, Kim Seon Hwa, Baek Mi Seon, Baek Hyun Tae, Moh Seul Hee, Hong Beom Ja, Baek Du Gwan, Hong Man Dae, Grace Go, Kim Yang Gi, Original Female Character(s), Original Male Character(s), Retelling, Canon Rewrite, Terminal Illnesses, Dysfunctional Family, Strained Relationships, Heavy Angst, Realistic, Miscarriage, Misunderstandings, Miscommunication, Second Chances, Falling In Love, POV Multiple, Unreliable Narrator, Mental Health Issues, Cancer, Sexual Harassment, Past Rape/Non-con, Slow Build, Non-Consensual Drug Use, Vomiting, Allergies, Sexual Content, Psychological Trauma, Bickering, Self-Esteem Issues, Self Confidence Issues, Panic Attacks, Healing",25-Mar-25,133163
heavenly love,Anonymous,https://archiveofourown.org/works/63901357,27,2,0,424,"Creator Chose Not To Use Archive Warnings, Hong Haein, Baby 1031 (Queen of Tears), mention of baek hyunwoo, mention of baek soobin, Light Angst, Closure, Reunions, Character Death",16-Mar-25,1758
"The Old, the Middle, and the New",rtt22,https://archiveofourown.org/works/56719777,1940,636,72,53023,"Creator Chose Not To Use Archive Warnings, Baek Hyun Woo/Hong Hae In, Baek Hyun Woo, Hong Hae In, Jeon Bong Ae, Hong Beom Jun, Kim Seon Hwa (Queen of tears), Na Chae Yeon, Hong Soo Cheol, Emotional Hurt/Comfort",16-Mar-25,137593
Both sides,Anon1304,https://archiveofourown.org/works/56191528,3140,609,38,84550,"Creator Chose Not To Use Archive Warnings, Baek Hyun Woo/Hong Hae In, Baek Hyun Woo & Hong Hae In, Baek Hyun Woo, Hong Hae In, Domestic Fluff, Family, Pregnancy, Married Life, Parenthood, Snippets, mature - Freeform",16-Mar-25,524468
Glimpses into the Future,Aelin_Fireheart_1,https://archiveofourown.org/works/63131611,183,33,21,4341,"No Archive Warnings Apply, Baek Hyunwoo/Hong Haein, Cheon Dahye/Hong Soocheol, Hong Haein, Baek Hyunwoo (Queen of Tears), Hong Soocheol, Hong Beomja, Hong Beomjun, Hong Mandae, Kim Seonhwa (Queen of Tears), Baek Miseon, Baek Hyuntae, Baek Dugwan, Jeon Bongae, Cheon Dahye, Grace Goh, Secretary Na, Original Characters, Romantic Comedy, Family Drama, Fluff and Angst, Characters React to Fandom, Watching the Show, Hilarious, Character Growth",12-Mar-25,30424
Sundays with the Baeks,goldensunset,https://archiveofourown.org/works/62265955,53,2,2,834,"No Archive Warnings Apply, Baek Hyunwoo/Hong Haein, Baek Hyunwoo (Queen of Tears), Hong Haein, Baek Soobin, Fluff, Family Fluff, Tooth-Rotting Fluff, Domestic Fluff, BaekHong - Freeform",16-Jan-25,2161
Hate is just love gone bad,DeathByBooks,https://archiveofourown.org/works/62203948,31,2,1,567,"No Archive Warnings Apply, Baek Hyunwoo/Hong Haein, Baek Hyunwoo (Queen of Tears), Hong Haein, Canon Compliant, Angst, Character Study, Hurt No Comfort",13-Jan-25,336
What married couples do.,summernightrain,https://archiveofourown.org/works/62185225,108,7,4,1369,"No Archive Warnings Apply, Baek Hyunwoo & Hong Haein, Baek Hyunwoo/Hong Haein, Baek Hyunwoo (Queen of Tears), Hong Haein, Fluff and Mush",12-Jan-25,2262
Spins and Stilettos: On Thin Ice,Tanskinandfragilebones2005,https://archiveofourown.org/works/61636174,40,22,3,2071,"Creator Chose Not To Use Archive Warnings, Baek Hyunwoo/Hong Haein, Baek Hyunwoo & Hong Haein, Baek Hyunwoo & Hong Soocheol, Hong Cha Young & Hong Haein, Hong Haein & Yoon Eunsung, Hong Haein & Vincenzo Cassano | Park Joo Hyeong, Hong Haein & Hong Soocheol, Cheon Dahye/Hong Soocheol, Baek Hyunwoo (Queen of Tears), Baek Miseon, Baek Dugwan, Baek Hyuntae, Hong Haein, Hong Soocheol, Hong Mandae, Hong Beomjun, Hong Beomja, Kim Seonhwa (Queen of Tears), Kim Yanggi, Yoon Eunsung (Queen of Tears), Cheon Dahye, Moh Seulhee, Original Female Character(s), Original Male Character(s), Original Child Character(s), Jeon Bongae, I have no idea how this happened but my story got deleted so I gotta reupload fml TT, but anyways.., Hopefully this time it is more structured and edited, Introducing...(again), Figure Skater! Baek Hyunwoo, Business Tycoon! Hong Haein, Angst with a Happy Ending, A+ parenting of Hongs, Actual A+ parenting from Baeks, Mental Health Issues, Mental Breakdown, Mental Instability, Physical Trauma, Verbal Abuse, Alternate Universe - Canon Divergence, Canon-Typical Violence, Explicit Sexual Content",09-Jan-25,71938
Broken Melodies,goldensunset,https://archiveofourown.org/works/62073430,47,1,0,675,"No Archive Warnings Apply, Baek Hyunwoo/Hong Haein, Baek Hyunwoo (Queen of Tears), Hong Haein, Baby 1031 (Queen of Tears), Angst, Miscarriage, Grief/Mourning, BaekHong - Freeform",08-Jan-25,2112
once in a blue moon,bledstars,https://archiveofourown.org/works/56109763,760,328,51,19209,"Major Character Death, Baek Hyun Woo/Hong Hae In, Baek Hyun Woo, Hong Hae In, what's the opposite of a fix it fic? cause....yeah....., Pain, Grief/Mourning, Angst, loosely based off hotel del luna, really just taking the blue moon hotel and tidbits of lore and thats it., Angst with a Happy Ending, Hurt/Comfort, There's a lot of death and dying and depression",06-Jan-25,113188
The Gimbap Project,Claire_ry,https://archiveofourown.org/works/56672296,1035,424,30,21721,"No Archive Warnings Apply, Baek Hyun Woo/Hong Hae In, Baek Hyun Woo, Hong Hae In, Kim Pilsook, Choi Dal Po | Ki Ha Myung, Kim Yang Gi, Ko Dong Man, Go Hyemi, Jin Guk | Hyun Shihyuk, BaekHong - Freeform, Alternate Universe - High School, Tooth-Rotting Fluff",03-Jan-25,93270
The Trophy,orphan_account,https://archiveofourown.org/works/61874092,29,0,1,767,"Creator Chose Not To Use Archive Warnings, No Archive Warnings Apply, Kim Jiwon (Actress)/Kim Soohyun (b. 1988), Kim Jiwon (Actress) & Kim Soohyun (b. 1988), Kim Jiwon (Actress), Kim Soohyun (b. 1988), Love",01-Jan-25,1273
Midnight Wishes,goldensunset,https://archiveofourown.org/works/61832575,47,2,0,776,"No Archive Warnings Apply, Baek Hyunwoo/Hong Haein, Baek Hyunwoo (Queen of Tears), Hong Haein, Baek Soobin, Fluff, Family Fluff, New Year's Eve, New Year's Fluff, BaekHong - Freeform",31-Dec-24,1016
moment of glory,goldensunset,https://archiveofourown.org/works/61708687,36,0,0,718,"No Archive Warnings Apply, Baek Hyunwoo/Hong Haein, Baek Hyunwoo (Queen of Tears), Hong Haein, Baek Soobin, Fluff, Family Fluff, BaekHong - Freeform, congrats soobinies huhuhu",27-Dec-24,2084
season's gift,goldensunset,https://archiveofourown.org/works/61650004,47,1,1,998,"No Archive Warnings Apply, Baek Hyunwoo/Hong Haein, Baek Hyunwoo (Queen of Tears), Hong Haein, Baby 1031 (Queen of Tears), Baek Soobin, Fluff, Family Fluff, Christmas Fluff, Christmas Special, Alternate Universe",25-Dec-24,2485
恋人的演绎,dearestlamb,https://archiveofourown.org/works/58417237,45,5,0,1749,"Creator Chose Not To Use Archive Warnings, Kim Soohyun (b. 1988)/Kim Jiwon, Kim Soohyun (b. 1988), Kim Jiwon (Actress)",25-Dec-24,13313
the in between,gasmaskbandit,https://archiveofourown.org/works/55642840,297,23,19,4123,"No Archive Warnings Apply, Baek Hyun Woo/Hong Hae In, Baek Hyun Woo, Hong Hae In, Canon Compliant, Character Study, Other Additional Tags to Be Added",25-Dec-24,3908
invisible string,goldensunset,https://archiveofourown.org/works/61594636,40,0,0,867,"No Archive Warnings Apply, Baek Hyunwoo/Hong Haein, Baek Hyunwoo (Queen of Tears), Hong Haein, Baek Soobin, Fluff, Family Fluff, Expanded Universe",24-Dec-24,3270
Does love really win all?,Antiquity0,https://archiveofourown.org/works/55054219,264,40,18,7132,"Creator Chose Not To Use Archive Warnings, No Archive Warnings Apply, Baek Hyun-woo/ Hong Hae-in, Baek Hyun-woo, Hong Hae-in, Secretary Na, Mo Seul-Hee, Yoon Eun-seong, Jeon Bong-ae (Hae-in's mother in law), Baby 1031, Slow Burn, Fluff, Angst, Fluff and Angst, Marriage, Love, Romance, Family Issues, Wealth, Unplanned Pregnancy, Family Bonding, Family Secrets, Sweet, Short & Sweet, Cute, Love Confessions, Loving Marriage, Happy, Evil Plans, Evil, Surprises, Original Character(s), Character Development, True Love, Bonding, Female Protagonist, Male Protagonist, Female Antagonist, Happy Ending, Eventual Happy Ending, Cute Kids, Parent-Child Relationship, Aunts & Uncles, Parenthood, Male Antagonist, Trauma, Childhood Memories, Childhood Trauma, Workplace, Co-workers, Drowning, Suspense, Plot Twists, conflicts, sibling hatred",21-Dec-24,4400
Moving In,enp,https://archiveofourown.org/works/61457638,93,2,3,1367,"No Archive Warnings Apply, Baek Hyunwoo/Hong Haein, Baek Hyunwoo & Hong Haein, Baek Hyunwoo (Queen of Tears), Hong Haein",19-Dec-24,3702
HAPPY BIRTHDAY!,dearestlamb,https://archiveofourown.org/works/61325647,4,0,0,812,"Major Character Death, Baek Hyunwoo & Hong Haein, Baek Hyunwoo/Hong Haein, Hong Haein, Baek Hyunwoo (Queen of Tears)",14-Dec-24,7214
In the light,Hurtzkyurrr,https://archiveofourown.org/works/56352424,89,37,7,3318,"Creator Chose Not To Use Archive Warnings, Baek Hyun Woo/Hong Hae In, Go Hyemi/Song Samdong, Jason/Kim Pilsook, Go Hyemi, Hong Hae In, Baek Hyun Woo, Song Samdong, Kim Pilsook, Jason (Dream High), Jin Guk | Hyun Shihyuk, Dream High x Queen of tears, alternative universe, Teenager Hae-in and Baek Hyun-woo, Fluff, Humor, High School, Romance",14-Dec-24,26266
Different,Trivalys,https://archiveofourown.org/works/60764521,29,1,5,1085,"Creator Chose Not To Use Archive Warnings, Baek Hyunwoo/Yoon Eunsung (Queen of Tears), Baek Hyunwoo (Queen of Tears), Yoon Eunsung (Queen of Tears), Hong Haein, Moh Seulhee, Confusion, Heartbreak, Loss of Trust, Scars, Disability, Sweet Moments, Caring, Hope for character improvement, Fear, Death Threats, Bittersweet Ending, Kissing",13-Dec-24,24298
眼睛,dearestlamb,https://archiveofourown.org/works/61295680,10,0,0,431,"No Archive Warnings Apply, Baek Hyunwoo/Hong Haein, Baek Hyunwoo & Hong Haein, Hong Haein, Baek Hyunwoo (Queen of Tears)",13-Dec-24,2658
On the line,deanisfine,https://archiveofourown.org/works/58660861,39,6,0,1252,"Graphic Depictions Of Violence, Baek Hyun Woo/Hong Hae In, Baek Hyun Woo, Hong Hae In, Blood and Violence, Family, Love, Guns, Thriller, Original Character(s), The author is considering whether deaths are necessary.",10-Dec-24,3334
What I want...,supreme_strategist,https://archiveofourown.org/works/59884666,123,3,4,2309,"Creator Chose Not To Use Archive Warnings, Baek Hyun Woo & Hong Hae In, Baek Hyun Woo/Hong Hae In, Baek Hyun Woo, Baek Soo Bin, Hong Hae In, Na Chae Yeon, Domestic Fluff",09-Dec-24,2752
First Impression,Irrrristhelastyork,https://archiveofourown.org/works/60888952,57,4,2,1291,"Creator Chose Not To Use Archive Warnings, Baek Hyunwoo/Hong Haein, Baek Hyunwoo & Hong Haein, Baek Hyunwoo (Queen of Tears), Hong Haein",07-Dec-24,8598
homecoming,goldensunset,https://archiveofourown.org/works/61025542,29,0,0,699,"No Archive Warnings Apply, Baek Hyunwoo/Hong Haein, Baek Hyunwoo (Queen of Tears), Hong Haein, Fluff, High School, School Reunion",02-Dec-24,2388
in your orbit,goldensunset,https://archiveofourown.org/works/60993817,23,0,0,682,"No Archive Warnings Apply, Kim Jiwon (Actress)/Kim Soohyun (b. 1988), Kim Jiwon (Actress), Kim Soohyun (b. 1988), Fluff, SooWon - Freeform, Alternate Universe, First Meetings",01-Dec-24,1096
雨的礼赞,dearestlamb,https://archiveofourown.org/works/60961624,13,1,0,305,"Creator Chose Not To Use Archive Warnings, Baek Hyunwoo/Hong Haein, Hong Haein, Baek Hyunwoo (Queen of Tears)",30-Nov-24,4069
would never fall (unless it's you),goldensunset,https://archiveofourown.org/works/60887533,18,0,0,685,"No Archive Warnings Apply, Kim Jiwon (Actress)/Kim Soohyun (b. 1988), Kim Jiwon (Actress), Kim Soohyun (b. 1988), Fluff, SooWon - Freeform",27-Nov-24,1253
First Snow,goldensunset,https://archiveofourown.org/works/60885514,27,1,0,697,"No Archive Warnings Apply, Kim Jiwon (Actress)/Kim Soohyun (b. 1988), Kim Jiwon (Actress), Kim Soohyun (b. 1988), Fluff, SooWon - Freeform",27-Nov-24,932
O que existe em um campo de flores,VihVoloch,https://archiveofourown.org/works/60770329,5,0,0,195,"Creator Chose Not To Use Archive Warnings, No Archive Warnings Apply, Baek Hyunwoo/Hong Haein, Baek Hyunwoo & Hong Haein, Baek Hyunwoo (Queen of Tears), Hong Haein, Queen of Tears - Freeform, RAINHA DAS LAGRIMAS, é um teste, não esperem muito, &lt;, 3",23-Nov-24,223
sweet dreams,nanaboonana,https://archiveofourown.org/works/60664060,112,0,3,1313,"Creator Chose Not To Use Archive Warnings, Baek Hyunwoo/Hong Haein, Baek Hyunwoo & Hong Haein, Baek Hyunwoo (Queen of Tears), Hong Haein, Baby 1031 (Queen of Tears), Alternate Universe, Slight Angst?",18-Nov-24,2314
"truth, dare, spin bottles",goldensunset,https://archiveofourown.org/works/60636622,53,2,1,815,"No Archive Warnings Apply, Baek Hyunwoo/Hong Haein, Baek Hyunwoo (Queen of Tears), Hong Haein, Fluff, Song: So High School (Taylor Swift), BaekHong - Freeform, happy birthday hyunwoo",17-Nov-24,2488
Time that never was,Trivalys,https://archiveofourown.org/works/59859646,28,2,7,1742,"Graphic Depictions Of Violence, Yoon Eun Sung & Baek Hyun Woo, Yoon Eun Sung & original character, Hong Hae In & Yoon Eun Sung, Baek Hyun Woo & Hong Hae In, Baek Hyun Woo/Hong Hae In, Yoon Eun Sung, Kim Seon Hwa (Queen of tears), Hong Beom Jun, Hong Hae In, Hong Su Wan, Hong Man Dae, Baek Hyun Woo, Time Travel, Time Travel Fix-It, Threats, Supernatural Elements, Other Additional Tags to Be Added, Tags May Change, Fake Marriage, Adoption, Name Changes, Original Character(s), Slice of Life, Domestic Fluff, Misunderstandings, Doubt, Worry, Metaphysics, Fights, Existential Crisis, Unrequited Crush, Slow Burn, First Kiss, Fluff, Attempted Murder, Fluff and Angst, Awkward Dates, Marriage, Love Confessions, happy ending with a sad aftertaste",15-Nov-24,60167
epilogue,gasmaskbandit,https://archiveofourown.org/works/54941506,1210,219,80,24295,"No Archive Warnings Apply, Baek Hyun Woo/ Hong Hae In, Baek Hyun Woo, Hong Hae In, Hong Beom Ja, Hong Beom Jun, Hong Soo Cheol, Kim Seon Hwa, Baek Soo Bin, Canon Compliant, Spoilers, Family Drama, Hyun Woo and Hae In are the most married divorced couple, some angst but mostly humor, One Shot Collection",11-Nov-24,30988
Our little cupid,dubutaengoo,https://archiveofourown.org/works/57610501,119,9,3,1422,"Creator Chose Not To Use Archive Warnings, No Archive Warnings Apply, Kim Soohyun (b. 1988)/Kim Jiwon, Kim Soohyun (b. 1988) & Kim Jiwon, Baek Hyun Woo/Hong Hae In, Baek Hyun Woo & Hong Hae In, Kim Soohyun (b. 1988), Kim Jiwon (Actress), Love, Single Parents, Eventual Romance, Love Confessions, Falling In Love, Alternate Universe, Love at First Sight, Developing Relationship, Pre-Relationship",05-Nov-24,3777
Unsent Letter,goldensunset,https://archiveofourown.org/works/60234682,50,1,0,739,"Creator Chose Not To Use Archive Warnings, Baek Hyun Woo/Hong Hae In, Baek Hyun Woo, Hong Hae In, Angst, Grief/Mourning, Hurt/Comfort, baby 1031 - Freeform",01-Nov-24,2162
"Between what is a dream and what is reality, the truth hides",VihVoloch,https://archiveofourown.org/works/60212110,9,0,0,306,"Creator Chose Not To Use Archive Warnings, No Archive Warnings Apply, Baek Hyun Woo/Hong Hae In, Baek Hyun Woo & Hong Hae In, Baek Hyun Woo, Baek Soo Bin, Hong Hae In, Baby 1031, feliz aniversário 1031!, Baek Hyun Woo - Freeform, baek soo bin - Freeform, Hong Hae In - Freeform, quase morri no meio da fic, mas o importante é que ainda é dia 31, essa fic é pra chorar, eu fiz vcs chorarem?",31-Oct-24,1370
a lot to live without,talkingtothem00n,https://archiveofourown.org/works/58882972,124,3,2,2186,"No Archive Warnings Apply, Baek Hyun Woo & Hong Hae In, Baek Hyun Woo/Hong Hae In, Hong Hae In, Baek Hyun Woo, Angst, Angst and Hurt/Comfort, Angst and Feels, Angst with a Happy Ending, Child Loss, Eventual Fluff, Eventual Happy Ending, baby ten thirty-one, baby 1031 - Freeform, our little star, you are forever loved, Song: Bigger Than The Whole Sky (Taylor Swift), Song: Small Bump (Ed Sheeran), Song: IDK You Yet (Alexander 23), Song: Everglow (Coldplay)",31-Oct-24,3464
Threads of Love,goldensunset,https://archiveofourown.org/works/60191647,60,3,1,1113,"No Archive Warnings Apply, Baek Hyun Woo/Hong Hae In, Hong Hae In, Baek Hyun Woo, Fluff, Alternate Universe, Family Fluff, baby 1031 - Freeform",30-Oct-24,2578
untitled,nanaboonana,https://archiveofourown.org/works/60121132,105,4,2,1416,"Creator Chose Not To Use Archive Warnings, Baek Hyun Woo/Hong Hae In, Baek Hyun Woo & Hong Hae In, Baek Hyun Woo, Hong Hae In, Alternate Universe - Canon Divergence",28-Oct-24,4268
Family Blocked,enp,https://archiveofourown.org/works/60038197,207,17,6,2919,"No Archive Warnings Apply, Baek Hyun Woo/Hong Hae In, Baek Hyun Woo & Hong Hae In, Baek Hyun Woo, Hong Hae In, Hong Soo Cheol, Hong Beom Jun, Kim Seon Hwa (Queen of tears)",27-Oct-24,2965
way home,goldensunset,https://archiveofourown.org/works/57480139,88,3,3,4604,"No Archive Warnings Apply, Kim Soohyun (b. 1988)/Kim Jiwon, Kim Soohyun (b. 1988) & Kim Jiwon, Kim Soohyun (b. 1988), Kim Jiwon (Actress), Fluff, Hurt/Comfort, Light Angst, SooWon - Freeform, Smut, Alternate Universe, Domestic Fluff",27-Oct-24,31290
baekhong's conversations,Anonymous,https://archiveofourown.org/works/60011398,41,1,1,900,"Creator Chose Not To Use Archive Warnings, Baek Hyun Woo/Hong Hae In, Baek Hyun Woo & Hong Hae In, Baek Hyun Woo, Hong Hae In, Romance, Romantic Fluff, Domestic Fluff",24-Oct-24,329
A Secret Rendezvous,spectacularmadness,https://archiveofourown.org/works/58883749,314,27,18,7707,"No Archive Warnings Apply, Kim Soohyun (b. 1988)/Kim Jiwon, Baek Hyun Woo/Hong Hae In, Kim Soohyun (b. 1988), Kim Jiwon (Actress), Baek Hyun Woo, Hong Hae In, Romance, slightly AU, OOC Kim Ji won, OOC Kim Soo hyun, no specific timeline followed, SooWon - Freeform, KimKimCouple",20-Oct-24,20420
October 19th,goldensunset,https://archiveofourown.org/works/59877691,62,2,2,972,"No Archive Warnings Apply, Kim Jiwon (Actress)/Kim Soohyun (b. 1988), Kim Soohyun (b. 1988), Kim Jiwon (Actress), Fluff, Domestic Fluff, SooWon - Freeform, BaekHong - Freeform",19-Oct-24,1436
just for tonight,nanaboonana,https://archiveofourown.org/works/59873662,151,11,7,2599,"No Archive Warnings Apply, Baek Hyun Woo/Hong Hae In, Baek Hyun Woo & Hong Hae In, Baek Hyun Woo, Hong Hae In, Mild Hurt/Comfort, Happy Ending, Fluff and Hurt/Comfort, Alternate Universe - Canon Divergence",19-Oct-24,2212
Completely.,bluepersea,https://archiveofourown.org/works/58990156,73,9,3,1457,"No Archive Warnings Apply, Baek Hyun Woo/Hong Hae In, Baek Hyun Woo & Hong Hae In, Baek Hyun Woo, Hong Hae In, Angst and Hurt/Comfort, alternative ending",19-Oct-24,3258
Melt With You,goldensunset,https://archiveofourown.org/works/59852824,19,2,0,403,"No Archive Warnings Apply, Kim Jiwon (Actress)/Kim Soohyun (b. 1988), Kim Jiwon (Actress), Kim Soohyun (b. 1988), Fluff, SooWon - Freeform, BaekHong - Freeform, Inspired by Music, happy jiwon day",18-Oct-24,1508
The Reunion,goldensunset,https://archiveofourown.org/works/59851693,13,0,0,538,"Creator Chose Not To Use Archive Warnings, Kim Jiwon (Actress)/Kim Soohyun (b. 1988), Kim Jiwon (Actress), Kim Soohyun (b. 1988), Light Angst, SooWon - Freeform, BaekHong - Freeform, School Reunion, Alternate Universe, One-Sided Relationship",18-Oct-24,2544
Under the Rainy Sky,goldensunset,https://archiveofourown.org/works/59825866,19,0,1,473,"No Archive Warnings Apply, Kim Jiwon (Actress)/Kim Soohyun (b. 1988), Kim Jiwon (Actress), Kim Soohyun (b. 1988), Fluff, SooWon - Freeform, BaekHong - Freeform, Inspired by Music",17-Oct-24,1137
Sidelined,enp,https://archiveofourown.org/works/59424145,241,23,4,3517,"No Archive Warnings Apply, Baek Hyun Woo/Hong Hae In, Baek Hyun Woo & Hong Hae In, Baek Hyun Woo, Hong Hae In, Yoon Eun Sung",16-Oct-24,3451
Little Things,goldensunset,https://archiveofourown.org/works/59800642,59,1,0,1289,"No Archive Warnings Apply, Baek Hyun Woo/Hong Hae In, Baek Hyun Woo, Hong Hae In, Fluff, BaekHong - Freeform, SooWon - Freeform",16-Oct-24,1388
lavender fields,bledstars,https://archiveofourown.org/works/56631664,450,135,40,8481,"Creator Chose Not To Use Archive Warnings, Baek Hyun Woo/Hong Hae In, Baek Hyun Woo, Hong Hae In, Baek/Hong Min Joon, Fluff, Soft, Family Feels, Not Canon Compliant, Meet-Cute, Romance, Romantic Comedy, Romantic Soulmates, did i basically mamma mia queen of tears? kinda., Domestic Fluff, Slice of Life, Baby 1031 lives!, Yearning, Pining, tiny bit of angst?, Jeju-do, Implied Sexual Content, Sexual Tension",16-Oct-24,40382
Aeong,enp,https://archiveofourown.org/works/59787820,117,3,1,1100,"No Archive Warnings Apply, Baek Hyun Woo/Hong Hae In, Baek Hyun Woo & Hong Hae In, Hong Hae In, Baek Hyun Woo, aeong",15-Oct-24,1323
"do you remember, happy together (i do, don't you?)",Anonymous,https://archiveofourown.org/works/59781613,47,0,3,909,"Major Character Death, Baek Hyun Woo/Hong Hae In, Hong Hae In, Kim Yang Gi, Alternate Universe - Canon Divergence, Grief/Mourning, Hurt, Angst, No Beta, We die like Yoon Eun-sung",15-Oct-24,1547
last night i dreamed that i was dreaming of you,100tinyjellybeans,https://archiveofourown.org/works/56068306,486,51,22,10377,"No Archive Warnings Apply, Baek Hyun Woo/Hong Hae In, Baek Hyun Woo, Hong Hae In, Missing Scenes, One Shot Collection",15-Oct-24,9977
to the future,goldensunset,https://archiveofourown.org/works/59773429,36,1,0,775,"Creator Chose Not To Use Archive Warnings, Baek Hyun Woo/Hong Hae In, Baek Hyun Woo, Hong Hae In, Character Death, Angst, Grief/Mourning, Alternate Ending",15-Oct-24,1388
Perfect for You,goldensunset,https://archiveofourown.org/works/59744230,15,0,1,359,"No Archive Warnings Apply, Kim Jiwon (Actress)/Kim Soohyun (b. 1988), Kim Soohyun (b. 1988), Kim Jiwon (Actress), Fluff, Family Fluff, Alternate Universe",14-Oct-24,1143
running home to your sweet nothings,goldensunset,https://archiveofourown.org/works/59714563,27,0,1,858,"No Archive Warnings Apply, Kim Jiwon (Actress)/Kim Soohyun (b. 1988), Kim Jiwon (Actress), Kim Soohyun (b. 1988), SooWon - Freeform, BaekHong - Freeform, Fluff, Based on a Taylor Swift Song",13-Oct-24,2277
four-leaf clover,goldensunset,https://archiveofourown.org/works/59678644,21,1,1,629,"No Archive Warnings Apply, Kim Jiwon (Actress)/Kim Soohyun (b. 1988), Kim Soohyun (b. 1988), Kim Jiwon (Actress), Alternate Universe, SooWon - Freeform, BaekHong - Freeform, Light Angst",12-Oct-24,1120
The Hot Intern,MagentaGillz,https://archiveofourown.org/works/59671777,94,4,5,1691,"No Archive Warnings Apply, Baek Hyun Woo/Hong Hae In, Baek Hyun Woo & Hong Hae In, Hong Hae In, Baek Hyun Woo, Romance, Office, Flashbacks, Fluff",11-Oct-24,1189
,,,,,,,,,
,,,,,,,,,
,,,,,,,,,
,,,,,,,,,
,,,,,,,,,
,,,,,,,,,
,,,,,,,,,
,,,,,,,,,
,,,,,,,,,
,,,,,,,,,
,,,,,,,,,
,,,,,,,,,
,,,,,,,,,
,,,,,,,,,
,,,,,,,,,
,,,,,,,,,
,,,,,,,,,
,,,,,,,,,
,,,,,,,,,
,,,,,,,,,
,,,,,,,,,
